{
  "industry": "Consumer Cyclical",
  "ticker": "XLY",
  "cagr": -0.004022188317063136,
  "vol_ann": 0.052477985196150545,
  "sharpe": -0.05045396319011375,
  "max_dd": -0.018723409595128748,
  "hit_rate": 0.05660377358490566,
  "n_days": 53,
  "z_thr": 1.0,
  "cost_bps": 5,
  "variant": "long_only"
}