{
  "acc": 0.71,
  "macro_f1": 0.42435443297910574,
  "f1_per_class": {
    "0": 0.46511627906976744,
    "1": 0.0,
    "2": 0.8079470198675497
  },
  "confusion_matrix": [
    [
      10,
      0,
      22
    ],
    [
      0,
      0,
      6
    ],
    [
      1,
      0,
      61
    ]
  ]
}