{
  "acc": 0.8719646799116998,
  "macro_f1": 0.8095967297176277,
  "f1_per_class": {
    "0": 0.7207207207207207,
    "1": 0.9395509499136442,
    "2": 0.7685185185185185
  },
  "confusion_matrix": [
    [
      40,
      6,
      15
    ],
    [
      2,
      272,
      4
    ],
    [
      8,
      23,
      83
    ]
  ]
}