{
  "acc": 0.68,
  "macro_f1": 0.42998236331569667,
  "f1_per_class": {
    "0": 0.5185185185185185,
    "1": 0.0,
    "2": 0.7714285714285715
  },
  "confusion_matrix": [
    [
      14,
      0,
      18
    ],
    [
      0,
      0,
      6
    ],
    [
      8,
      0,
      54
    ]
  ]
}