{
  "acc": 0.8962472406181016,
  "macro_f1": 0.8498959866448125,
  "f1_per_class": {
    "0": 0.7850467289719626,
    "1": 0.9464594127806563,
    "2": 0.8181818181818182
  },
  "confusion_matrix": [
    [
      42,
      6,
      13
    ],
    [
      1,
      274,
      3
    ],
    [
      3,
      21,
      90
    ]
  ]
}