{
  "acc": 0.991166077738516,
  "macro_f1": 0.9846373670893437
}