{
  "0": {
    "precision": 0.961038961038961,
    "recall": 0.9736842105263158,
    "f1-score": 0.9673202614379085,
    "support": 76.0
  },
  "1": {
    "precision": 0.9971014492753624,
    "recall": 0.9885057471264368,
    "f1-score": 0.9927849927849928,
    "support": 348.0
  },
  "2": {
    "precision": 0.9722222222222222,
    "recall": 0.9859154929577465,
    "f1-score": 0.9790209790209791,
    "support": 142.0
  },
  "accuracy": 0.9858657243816255,
  "macro avg": {
    "precision": 0.9767875441788485,
    "recall": 0.9827018168701663,
    "f1-score": 0.9797087444146269,
    "support": 566.0
  },
  "weighted avg": {
    "precision": 0.986017351488238,
    "recall": 0.9858657243816255,
    "f1-score": 0.9859125377728578,
    "support": 566.0
  }
}