{
  "0": {
    "precision": 0.7857142857142857,
    "recall": 0.825,
    "f1-score": 0.8048780487804879,
    "support": 40.0
  },
  "1": {
    "precision": 0.2,
    "recall": 0.125,
    "f1-score": 0.15384615384615385,
    "support": 8.0
  },
  "2": {
    "precision": 0.8461538461538461,
    "recall": 0.8571428571428571,
    "f1-score": 0.8516129032258064,
    "support": 77.0
  },
  "accuracy": 0.8,
  "macro avg": {
    "precision": 0.6106227106227107,
    "recall": 0.6023809523809524,
    "f1-score": 0.603445701950816,
    "support": 125.0
  },
  "weighted avg": {
    "precision": 0.7854593406593405,
    "recall": 0.8,
    "f1-score": 0.7920006778430067,
    "support": 125.0
  }
}