{
  "acc": 0.7533333333333333,
  "macro_f1": 0.7462904911180773
}