{
  "0": {
    "precision": 0.7,
    "recall": 0.8974358974358975,
    "f1-score": 0.7865168539325843,
    "support": 39.0
  },
  "1": {
    "precision": 0.7567567567567568,
    "recall": 0.56,
    "f1-score": 0.6436781609195402,
    "support": 50.0
  },
  "2": {
    "precision": 0.8095238095238095,
    "recall": 0.8360655737704918,
    "f1-score": 0.8225806451612904,
    "support": 61.0
  },
  "accuracy": 0.76,
  "macro avg": {
    "precision": 0.7554268554268555,
    "recall": 0.7645004904021299,
    "f1-score": 0.7509252200044716,
    "support": 150.0
  },
  "weighted avg": {
    "precision": 0.7634586014586014,
    "recall": 0.76,
    "f1-score": 0.75356989802791,
    "support": 150.0
  }
}