{
  "acc": 0.875,
  "macro_f1": 0.7948717948717949,
  "f1_per_class": {
    "0": 0.0,
    "1": 0.6666666666666666,
    "2": 0.9230769230769231
  },
  "confusion_matrix": [
    [
      0,
      0,
      0
    ],
    [
      0,
      2,
      2
    ],
    [
      0,
      0,
      12
    ]
  ],
  "n": 16
}