{
  "acc": 0.5,
  "macro_f1": 0.4466666666666666,
  "f1_per_class": {
    "0": 0.5333333333333333,
    "1": 0.16666666666666666,
    "2": 0.64
  },
  "confusion_matrix": [
    [
      4,
      2,
      1
    ],
    [
      2,
      1,
      5
    ],
    [
      2,
      1,
      8
    ]
  ],
  "n": 26
}