{
  "acc": 0.625,
  "macro_f1": 0.25641025641025644,
  "f1_per_class": {
    "0": 0.0,
    "1": 0.0,
    "2": 0.7692307692307693
  },
  "confusion_matrix": [
    [
      0,
      0,
      1
    ],
    [
      0,
      0,
      4
    ],
    [
      0,
      1,
      10
    ]
  ],
  "n": 16
}