{
  "acc": 0.5517241379310345,
  "macro_f1": 0.521871945259042,
  "f1_per_class": {
    "0": 0.375,
    "1": 0.5454545454545454,
    "2": 0.6451612903225806
  },
  "confusion_matrix": [
    [
      3,
      0,
      4
    ],
    [
      2,
      3,
      3
    ],
    [
      4,
      0,
      10
    ]
  ],
  "n": 29
}