{
  "acc": 0.9230769230769231,
  "macro_f1": 0.8666666666666666,
  "f1_per_class": {
    "0": 1.0,
    "1": 0.6666666666666666,
    "2": 0.9333333333333333
  },
  "confusion_matrix": [
    [
      4,
      0,
      0
    ],
    [
      0,
      1,
      1
    ],
    [
      0,
      0,
      7
    ]
  ],
  "n": 13
}