{
  "acc": 0.6842105263157895,
  "macro_f1": 0.4659977703455964,
  "f1_per_class": {
    "0": 0.0,
    "1": 0.6153846153846154,
    "2": 0.782608695652174
  },
  "confusion_matrix": [
    [
      0,
      1,
      1
    ],
    [
      0,
      4,
      3
    ],
    [
      0,
      1,
      9
    ]
  ],
  "n": 19
}