{
  "acc": 0.7368421052631579,
  "macro_f1": 0.6555555555555556,
  "f1_per_class": {
    "0": 0.5,
    "1": 0.6666666666666666,
    "2": 0.8
  },
  "confusion_matrix": [
    [
      1,
      0,
      2
    ],
    [
      0,
      3,
      2
    ],
    [
      0,
      1,
      10
    ]
  ],
  "n": 19
}