{
  "acc": 0.6470588235294118,
  "macro_f1": 0.2619047619047619,
  "f1_per_class": {
    "0": 0.0,
    "1": 0.0,
    "2": 0.7857142857142857
  },
  "confusion_matrix": [
    [
      0,
      0,
      2
    ],
    [
      0,
      0,
      4
    ],
    [
      0,
      0,
      11
    ]
  ],
  "n": 17
}