{
  "acc": 0.75,
  "macro_f1": 0.7388888888888889,
  "f1_per_class": {
    "0": 0.8,
    "1": 0.6666666666666666,
    "2": 0.75
  },
  "confusion_matrix": [
    [
      2,
      0,
      0
    ],
    [
      0,
      1,
      1
    ],
    [
      1,
      0,
      3
    ]
  ],
  "n": 8
}