{
  "acc": 0.5454545454545454,
  "macro_f1": 0.36813186813186816,
  "f1_per_class": {
    "0": 0.0,
    "1": 0.6428571428571429,
    "2": 0.46153846153846156
  },
  "confusion_matrix": [
    [
      0,
      3,
      0
    ],
    [
      0,
      9,
      2
    ],
    [
      0,
      5,
      3
    ]
  ],
  "n": 22
}