{
  "acc": 0.694980694980695,
  "macro_f1": 0.5923165166130938,
  "f1_per_class": {
    "0": 0.603448275862069,
    "1": 0.39344262295081966,
    "2": 0.7800586510263929
  },
  "confusion_matrix": [
    [
      35,
      1,
      32
    ],
    [
      3,
      12,
      32
    ],
    [
      10,
      1,
      133
    ]
  ],
  "n": 259
}