{
  "acc": 0.5682730923694779,
  "macro_f1": 0.54047346091389,
  "f1_per_class": {
    "0": 0.7687074829931972,
    "1": 0.2396694214876033,
    "2": 0.6130434782608696
  },
  "confusion_matrix": [
    [
      113,
      34,
      11
    ],
    [
      3,
      29,
      1
    ],
    [
      20,
      146,
      141
    ]
  ]
}