{
  "acc": 0.9717314487632509,
  "macro_f1": 0.962503461452302,
  "f1_per_class": {
    "0": 0.9430379746835443,
    "1": 0.9824689554419284,
    "2": 0.9620034542314335
  },
  "confusion_matrix": [
    [
      298,
      1,
      4
    ],
    [
      19,
      1345,
      27
    ],
    [
      12,
      1,
      557
    ]
  ]
}