{
  "industry": "Technology",
  "n": 79,
  "gold_acc": 0.5822784810126582,
  "gold_macro_f1": 0.5414856461368088,
  "weak_acc": 0.46835443037974683,
  "weak_macro_f1": 0.3549953314659197,
  "delta_acc": 0.11392405063291139,
  "delta_macro_f1": 0.1864903146708891
}