model,acc,macro_f1,f1_neg,f1_neu,f1_pos,n
LM,0.5475792988313857,0.5519041866471867,0.5993485342019544,0.5425101214574899,0.5138539042821159,599
VADER,0.5509181969949917,0.5304514913927724,0.5073529411764706,0.4553314121037464,0.6286701208981001,599
LR_FPB,0.37061769616026713,0.23970332419873705,0.05,0.5163826998689384,0.15272727272727274,599
LR_FIQA,0.41569282136894825,0.2530053117137266,0.1836734693877551,0.0,0.5753424657534246,599
FINBERT,0.6393989983305509,0.6454941300121352,0.7040498442367601,0.6108786610878661,0.6215538847117794,599
WEAKLR_OVERALL,0.5475792988313857,0.5208984642905525,0.496,0.44108761329305135,0.6256077795786061,599
