k,flip_rate,mean_prob_drop
1,0.175,0.038781034483915254
3,0.25833333333333336,0.07867898447468416
5,0.25,0.09911401283789242
10,0.35833333333333334,0.129193651406299
