k,flip_rate,mean_prob_drop
1,0.05,0.0123890920832698
3,0.10833333333333334,0.03384897701200813
5,0.11666666666666667,0.03909088575852575
10,0.125,0.05661051437619604
