industry,n,gold_acc,gold_macro_f1,weak_acc,weak_macro_f1,delta_acc,delta_macro_f1
Technology,79,0.5822784810126582,0.5414856461368088,0.46835443037974683,0.3549953314659197,0.11392405063291139,0.1864903146708891
