{
  "label_source_weak": "VADER",
  "n_train": 479,
  "n_test": 120,
  "gold_metrics": {
    "acc": 0.6083333333333333,
    "macro_f1": 0.593025641025641,
    "f1_per_class": {
      "0": 0.6,
      "1": 0.5230769230769231,
      "2": 0.656
    },
    "n": 120
  },
  "weak_metrics": {
    "acc": 0.43333333333333335,
    "macro_f1": 0.31895424836601305,
    "f1_per_class": {
      "0": 0.22857142857142856,
      "1": 0.1568627450980392,
      "2": 0.5714285714285714
    },
    "n": 120
  },
  "deltas": {
    "acc": 0.17499999999999993,
    "macro_f1": 0.274071392659628
  },
  "shap_divergence_macro": {
    "macro_spearman": 0.08351807798624389,
    "macro_jaccard@50": 0.3232138232138232,
    "macro_jaccard@100": 0.42264260946945287,
    "macro_jsd": 0.3683195616122612
  }
}