{
  "acc": 0.7027649769585254,
  "macro_f1": 0.6430676919064305,
  "f1_per_class": {
    "0": 0.5748502994011976,
    "1": 0.5664739884393064,
    "2": 0.7878787878787878
  },
  "confusion_matrix": [
    [
      48,
      10,
      40
    ],
    [
      7,
      49,
      43
    ],
    [
      14,
      15,
      208
    ]
  ],
  "n": 434
}